100101,기계소재,정밀생산기계,절삭 가공기계
100102,기계소재,정밀생산기계,연삭/연마 가공기계
100103,기계소재,정밀생산기계,광 에너지 응용 가공기계
100104,기계소재,정밀생산기계,전기/화학 에너지 응용 가공기계
100105,기계소재,정밀생산기계,수치제어장치
100106,기계소재,정밀생산기계,프레스 기계
100107,기계소재,정밀생산기계,사출 기계
100108,기계소재,정밀생산기계,CAD/CAM 관련 S/W
100109,기계소재,정밀생산기계,기타 정밀생산기계 관련기술
100110,기계소재,정밀생산기계,정밀생산기계 관련 IT·SW
100201,기계소재,자동차철도차량,엔진 및 동력전달장치
100202,기계소재,자동차철도차량,전기 및 전자장치
100203,기계소재,자동차철도차량,차체 및 경량화 기술
100204,기계소재,자동차철도차량,공조기술
100205,기계소재,자동차철도차량,차량운동성능 및 진동/소음저감기술
100206,기계소재,자동차철도차량,안전도 향상기술
100207,기계소재,자동차철도차량,차량 지능화 기술
100208,기계소재,자동차철도차량,철도차량 추진/제어기술
100209,기계소재,자동차철도차량,시스템 통합기술
100210,기계소재,자동차철도차량,저공해 및 대체에너지 차량기술
100211,기계소재,자동차철도차량,기타 자동차/철도차량 관련기술
100212,기계소재,자동차철도차량,자동차/철도차량 관련 IT·SW
100301,기계소재,에너지환경기계시스템,공기조화/냉동기계
100302,기계소재,에너지환경기계시스템,보일러/로설비
100303,기계소재,에너지환경기계시스템,유체기계
100304,기계소재,에너지환경기계시스템,수처리 설비
100305,기계소재,에너지환경기계시스템,폐기물 처리설비
100306,기계소재,에너지환경기계시스템,대기오염 방지 설비
100307,기계소재,에너지환경기계시스템,건조/농축 설비
100308,기계소재,에너지환경기계시스템,에너지/환경 제어설비
100309,기계소재,에너지환경기계시스템,IBS/HA 시스템 기술
100310,기계소재,에너지환경기계시스템,에너지/환경 기계 시스템 관련 IT·SW
100311,기계소재,에너지환경기계시스템,기타 에너지/환경 기계 시스템 관련기술
100401,기계소재,요소부품,체결용 요소부품
100402,기계소재,요소부품,전동용 요소부품
100403,기계소재,요소부품,완충/제동용 요소부품
100404,기계소재,요소부품,회전축용 요소부품
100405,기계소재,요소부품,배관용 요소부품
100406,기계소재,요소부품,유공압 부품
100407,기계소재,요소부품,액츄에이터
100408,기계소재,요소부품,절삭/연삭공구
100409,기계소재,요소부품,치공구
100410,기계소재,요소부품,금형
100411,기계소재,요소부품,요소부품 관련 S/W
100412,기계소재,요소부품,기타 요소부품
100501,기계소재,로봇자동화기계,로봇 설계기술
100502,기계소재,로봇자동화기계,로봇 제어 및 지능화기술
100503,기계소재,로봇자동화기계,로봇 비젼 및 생산자동화 기술
100504,기계소재,로봇자동화기계,기계 자동화 기술
100505,기계소재,로봇자동화기계,조립/정밀 이송기술
100506,기계소재,로봇자동화기계,자동화 관련 계측/센서 기술
100507,기계소재,로봇자동화기계,로봇/자동화기계 관련 IT·SW
100508,기계소재,로봇자동화기계,기타 로봇/자동화기계 관련기술
100601,기계소재,산업일반기계,농업기계
100602,기계소재,산업일반기계,인쇄/섬유기계
100603,기계소재,산업일반기계,식품포장기계
100604,기계소재,산업일반기계,건설/광산기계
100605,기계소재,산업일반기계,일반가공기계
100606,기계소재,산업일반기계,방재소방기계
100607,기계소재,산업일반기계,운송하역기계
100608,기계소재,산업일반기계,정보산업장비
100609,기계소재,산업일반기계,산업/일반기계관련 S/W
100610,기계소재,산업일반기계,기타 산업/일반기계 관련기술
100701,기계소재,조선해양시스템,선박소재/구조기술
100702,기계소재,조선해양시스템,선형 개발/성능해석기술
100703,기계소재,조선해양시스템,주기/보기 및 추진계통부품
100704,기계소재,조선해양시스템,갑판설비 및 항해통신장치
100705,기계소재,조선해양시스템,선박생산시스템/건조공법
100706,기계소재,조선해양시스템,해양구조물/설비기술
100707,기계소재,조선해양시스템,해양레저 및 탐사장비
100708,기계소재,조선해양시스템,해양 환경/안전설비
100709,기계소재,조선해양시스템,조선/해양시스템관련 IT·SW
100710,기계소재,조선해양시스템,기타 조선/해양 시스템 관련 기술
100801,기계소재,항공우주시스템,고정익/회전익 항공기 기체
100802,기계소재,항공우주시스템,고정익/회전익 항공기 동력장치
100803,기계소재,항공우주시스템,고정익/회전익 항공기 기계 시스템
100804,기계소재,항공우주시스템,고정익/회전익 항공기 전기전자시스템
100805,기계소재,항공우주시스템,인공위성체/탑재체 시스템
100806,기계소재,항공우주시스템,액체 추진제 발사체 시스템
100807,기계소재,항공우주시스템,고체 추진체 발사체 시스템
100808,기계소재,항공우주시스템,항공우주 지상설비 시스템
100809,기계소재,항공우주시스템,항공/우주 시스템 관련 IT·SW
100810,기계소재,항공우주시스템,기타 항공/우주 시스템 관련기술
100901,기계소재,나노마이크로기계시스템,나노마이크로 센서
100902,기계소재,나노마이크로기계시스템,초소형 구동장치
100903,기계소재,나노마이크로기계시스템,초소형 디바이스
100904,기계소재,나노마이크로기계시스템,초소형 가공·조립·측정기술
100905,기계소재,나노마이크로기계시스템,시스템 특성분석·신뢰성 평가기술
100906,기계소재,나노마이크로기계시스템,시스템 집적화 기술
100907,기계소재,나노마이크로기계시스템,시스템 통합화 기술
100908,기계소재,나노마이크로기계시스템,나노 마이크로기계시스템 관련 IT·SW
100909,기계소재,나노마이크로기계시스템,기타 나노 마이크로기계시스템 관련기술
101001,기계소재,금속재료,구조재료
101002,기계소재,금속재료,기능재료
101003,기계소재,금속재료,복합재료
101004,기계소재,금속재료,재료공정기술
101005,기계소재,금속재료,기계/전자부품소재기술
101006,기계소재,금속재료,에너지소재기술
101007,기계소재,금속재료,생체재료기술
101008,기계소재,금속재료,금속정제/회수기술
101009,기계소재,금속재료,재료분석/평가기술
101010,기계소재,금속재료,기타 금속재료 관련기술
101101,기계소재,주조용접,사형주조
101102,기계소재,주조용접,금형주조
101103,기계소재,주조용접,특수주조
101104,기계소재,주조용접,다이케스팅
101105,기계소재,주조용접,주조/용접재료
101106,기계소재,주조용접,Brazing/Soldering
101107,기계소재,주조용접,아크용접
101108,기계소재,주조용접,특수용접/접합기술
101109,기계소재,주조용접,용접부 분석평가기술
101110,기계소재,주조용접,주조/용접 관련 S/W
101111,기계소재,주조용접,기타 주조/용접 관련기술
101201,기계소재,소성가공분말,단조기술
101202,기계소재,소성가공분말,압출기술
101203,기계소재,소성가공분말,인발기술
101204,기계소재,소성가공분말,압연기술
101205,기계소재,소성가공분말,판재성형기술
101206,기계소재,소성가공분말,분말제조기술
101207,기계소재,소성가공분말,분말가공기술
101208,기계소재,소성가공분말,소성가공 관련 S/W
101209,기계소재,소성가공분말,기타 소성가공/분말 관련기술
101301,기계소재,표면처리,열처리기술
101302,기계소재,표면처리,도금기술
101303,기계소재,표면처리,박막제조기술
101304,기계소재,표면처리,용사기술
101305,기계소재,표면처리,에칭기술
101306,기계소재,표면처리,부/방식기술
101307,기계소재,표면처리,침탄/질화기술
101308,기계소재,표면처리,전자부품 표면처리기술
101309,기계소재,표면처리,표면물성 개질기술
101310,기계소재,표면처리,기타 표면처리기술
101401,기계소재,청정생산,청정생산 공정설계
101402,기계소재,청정생산,공정개선기술
101403,기계소재,청정생산,공정 및 생산관리기술
101404,기계소재,청정생산,유해 원부재료 대체기술
101405,기계소재,청정생산,환경친화적 제품설계기술
101406,기계소재,청정생산,환경친화제품 제조기술
101407,기계소재,청정생산,자원재활용 기술
101408,기계소재,청정생산,청정생산 관련 IT·SW
200101,전기전자,광응용기기,레이저 관련부품 및 발생장치
200102,전기전자,광응용기기,레이저 가공기
200103,전기전자,광응용기기,결상기기
200104,전기전자,광응용기기,광계측·제어기기
200105,전기전자,광응용기기,광원
200106,전기전자,광응용기기,광소재
200107,전기전자,광응용기기,광부품
200108,전기전자,광응용기기,광소자
200109,전기전자,광응용기기,기타 광응용기기
200201,전기전자,반도체장비,열처리장비
200202,전기전자,반도체장비,노광·트랙장비
200203,전기전자,반도체장비,에칭 장비
200204,전기전자,반도체장비,폴리싱(CMP)장비
200205,전기전자,반도체장비,증착장비
200206,전기전자,반도체장비,이온주입장비
200207,전기전자,반도체장비,세정장비
200208,전기전자,반도체장비,패키징장비
200209,전기전자,반도체장비,측정/검사 장비
200210,전기전자,반도체장비,반도체장비용 핵심부품 및 제조장비
200211,전기전자,반도체장비,기타 반도체장비
200301,전기전자,중전기기,발전기/전동기 및 제어
200302,전기전자,중전기기,전력변환기기
200303,전기전자,중전기기,전력용 재료
200304,전기전자,중전기기,변압기류
200305,전기전자,중전기기,개폐기류
200306,전기전자,중전기기,송배전 및 보호/감시장치
200307,전기전자,중전기기,자동화제어기기
200308,전기전자,중전기기,전기로
200309,전기전자,중전기기,전선
200310,전기전자,중전기기,초전도 기술/제품
200311,전기전자,중전기기,전기용접 및 가열
200312,전기전자,중전기기,전원장치
200313,전기전자,중전기기,에너지저장기기
200314,전기전자,중전기기,기타 중전기기
200401,전기전자,반도체소자및시스템,Si 소자
200402,전기전자,반도체소자및시스템,화합물 소자
200403,전기전자,반도체소자및시스템,MEMS 소자
200404,전기전자,반도체소자및시스템,Sensor용 소자
200405,전기전자,반도체소자및시스템,반도체 재료
200406,전기전자,반도체소자및시스템,SoC
200407,전기전자,반도체소자및시스템,설계 Tool
200408,전기전자,반도체소자및시스템,기타 반도체 소자
200501,전기전자,전기전자부품,센서 부품
200502,전기전자,전기전자부품,PCB 부품
200503,전기전자,전기전자부품,커패시터 부품
200504,전기전자,전기전자부품,자성재료 부품
200505,전기전자,전기전자부품,기록매체 부품
200506,전기전자,전기전자부품,복합 부품
200507,전기전자,전기전자부품,초고주파 발생소자
200508,전기전자,전기전자부품,플라즈마 발생용 부품
200509,전기전자,전기전자부품,기타 전기전자부품
200601,전기전자,가정용기기및전자응용기기,정보가전기기
200602,전기전자,가정용기기및전자응용기기,음성정보기술 응용기기
200603,전기전자,가정용기기및전자응용기기,조명기기
200604,전기전자,가정용기기및전자응용기기,소형가전
200605,전기전자,가정용기기및전자응용기기,백색가전
200606,전기전자,가정용기기및전자응용기기,가정용 가스기기
200607,전기전자,가정용기기및전자응용기기,냉·난방기기
200608,전기전자,가정용기기및전자응용기기,자동판매기
200609,전기전자,가정용기기및전자응용기기,현금자동입출금기
200610,전기전자,가정용기기및전자응용기기,기타 가정용기기 및 전자응용기기
200701,전기전자,계측기기,계측센서 및 부품
200702,전기전자,계측기기,화학량 시험/분석 계측기
200703,전기전자,계측기기,물리량 시험/분석 계측기
200704,전기전자,계측기기,환경계측기
200705,전기전자,계측기기,안전감시/진단 계측제어기
200706,전기전자,계측기기,유체 제어계측기
200707,전기전자,계측기기,전자 계측기
200708,전기전자,계측기기,광계측기
200709,전기전자,계측기기,기타 계측기기
200801,전기전자,영상음향기기,TV수상기
200802,전기전자,영상음향기기,방송수신기
200803,전기전자,영상음향기기,3차원 영상기기
200804,전기전자,영상음향기기,AV재생 및 기록기기
200805,전기전자,영상음향기기,화상통신
200806,전기전자,영상음향기기,카메라 및 캠코더
200807,전기전자,영상음향기기,전광판
200808,전기전자,영상음향기기,휴대용 AV기기
200809,전기전자,영상음향기기,카 오디오
200810,전기전자,영상음향기기,방송 AV기기
200811,전기전자,영상음향기기,건축음향 및 응용기기
200812,전기전자,영상음향기기,스피커
200813,전기전자,영상음향기기,마이크로폰
200814,전기전자,영상음향기기,기타 영상/음향기기
200901,전기전자,전지,전지재료
200902,전기전자,전지,제조 및 측정평가 장비
200903,전기전자,전지,응용 및 활용기술(HEV 등)
200904,전기전자,전지,일차전지
200905,전기전자,전지,이차전지
200906,전기전자,전지,초고용량 커패시터
200907,전기전자,전지,기타 전지
201001,전기전자,디스플레이,LCD
201002,전기전자,디스플레이,PDP
201003,전기전자,디스플레이,FED
201004,전기전자,디스플레이,OLED
201005,전기전자,디스플레이,디스플레이 부품 및 소재
201006,전기전자,디스플레이,E-Paper
201007,전기전자,디스플레이,3D
201008,전기전자,디스플레이,디스플레이 제조장비
201009,전기전자,디스플레이,디스플레이 측정 및 검사장비
201010,전기전자,디스플레이,기타 디스플레이
300101,정보통신,이동통신,이동통신 서비스
300102,정보통신,이동통신,이동통신 시스템
300103,정보통신,이동통신,이동통신 단말기
300104,정보통신,이동통신,기타 이동통신기기
300201,정보통신,디지털방송,디지털 방송 서비스
300202,정보통신,디지털방송,디지털 방송 매체
300203,정보통신,디지털방송,디지털 방송 콘텐츠
300204,정보통신,디지털방송,디지털 방송 이동방송
300205,정보통신,디지털방송,디지털 방송 통방융합
300206,정보통신,디지털방송,디지털 방송 실감방송
300207,정보통신,디지털방송,디지털 방송 단말
300301,정보통신,위성전파,위성통신·방송 전송
300302,정보통신,위성전파,위성통신·방송 단말
300303,정보통신,위성전파,위성항법
300304,정보통신,위성전파,탑제체 및 관제
300305,정보통신,위성전파,EMI/EMC
300306,정보통신,위성전파,전자파기기
300307,정보통신,위성전파,전자파 진단 및 방호
300401,정보통신,홈네트워크,홈네트워크 기기
300402,정보통신,홈네트워크,유·무선 홈네트워킹 기술
300403,정보통신,홈네트워크,지능형 정보가전
300404,정보통신,홈네트워크,홈네트워크 응용 및 서비스 기술
300501,정보통신,광대역통합망,서비스 및 제어
300502,정보통신,광대역통합망,전달망
300503,정보통신,광대역통합망,가입자망
300601,정보통신,RFIDUSN,RFID기술
300602,정보통신,RFIDUSN,USN기술
300603,정보통신,RFIDUSN,모바일-RFID
300604,정보통신,RFIDUSN,활용서비스 플랫폼 및 응용SW
300605,정보통신,RFIDUSN,RFID/USN서비스
300701,정보통신,U-컴퓨팅,U-컴퓨팅 플랫폼 및 응용기술
300702,정보통신,U-컴퓨팅,서버기술
300703,정보통신,U-컴퓨팅,U-컴퓨팅 기기 및 주변기기
300801,정보통신,소프트웨어,임베디드 SW
300802,정보통신,소프트웨어,SW솔루션
300803,정보통신,소프트웨어,System Integration
300804,정보통신,소프트웨어,Internet SW
300901,정보통신,디지털콘텐츠,컴퓨터 그래픽
300902,정보통신,디지털콘텐츠,가상현실
300903,정보통신,디지털콘텐츠,콘텐츠 창작 기획
300904,정보통신,디지털콘텐츠,디지털 콘텐츠 제작 및 유통
300905,정보통신,디지털콘텐츠,게임 및 u-러닝
301001,정보통신,지식정보보안,정보보안
301002,정보통신,지식정보보안,물리보안
301003,정보통신,지식정보보안,융합보안
301101,정보통신,정보통신모듈및부품,이동통신 모듈 및 부품
301102,정보통신,정보통신모듈및부품,위성·방송 모듈 및 부품
301103,정보통신,정보통신모듈및부품,광통신모듈및부품
301104,정보통신,정보통신모듈및부품,멀티미디어 모듈 및 부품
301105,정보통신,정보통신모듈및부품,안테나 모듈 및 부품
301201,정보통신,ITS텔레매틱스,ITS 단말 및 기기
301202,정보통신,ITS텔레매틱스,텔레매틱스 단말 및 기기
301203,정보통신,ITS텔레매틱스,ITS 응용서비스
301204,정보통신,ITS텔레매틱스,텔레매틱스 응용서비스
400101,화학,정밀화학,의약 중간체/원제
400102,화학,정밀화학,의약제제
400103,화학,정밀화학,농약 중간체/원제
400104,화학,정밀화학,농약제제
400105,화학,정밀화학,염/안료 및 중간체
400106,화학,정밀화학,계면활성제
400107,화학,정밀화학,윤활유
400108,화학,정밀화학,첨가제
400109,화학,정밀화학,도료/코팅제
400110,화학,정밀화학,접착제/실란트
400111,화학,정밀화학,유·무기재료 및 촉매 제조기술
400112,화학,정밀화학,감광재료
400113,화학,정밀화학,화장품/소재
400114,화학,정밀화학,전자산업용 정밀화학소재
400115,화학,정밀화학,나노응용기술
400116,화학,정밀화학,기타 합성응용제품
400201,화학,고분자재료,중합반응/공정기술
400202,화학,고분자재료,개질기술
400203,화학,고분자재료,복합재료제조기술
400204,화학,고분자재료,전기·전자정보용 소재기술
400205,화학,고분자재료,의료용 소재기술
400206,화학,고분자재료,에너지·환경산업용 소재기술
400207,화학,고분자재료,특수기능성 소재기술
400208,화학,고분자재료,고분자 재활용기술
400209,화학,고분자재료,고분자가공기술
400210,화학,고분자재료,나노소재기술
400211,화학,고분자재료,기타 고분자 재료
400301,화학,화학공정,석유화학 부산물 응용기술
400302,화학,화학공정,촉매 응용기술
400303,화학,화학공정,공정시스템기술
400304,화학,화학공정,공정설비기술
400305,화학,화학공정,기초유기소재공정기술
400306,화학,화학공정,기초무기소재공정기술
400307,화학,화학공정,기타 화학공정
400401,화학,화학제품,제지
400402,화학,화학제품,인조피혁
400403,화학,화학제품,천연피혁
400404,화학,화학제품,고무(타이어포함)
400405,화학,화학제품,기타 화학제품
400501,화학,대기폐기물,폐기물처리 및 재활용 기술
400502,화학,대기폐기물,대기오염 방지기술
400503,화학,대기폐기물,환경설비기술
400504,화학,대기폐기물,환경산업 부품소재기술
400505,화학,대기폐기물,기타 환경산업기술
400506,화학,대기폐기물,기상장비산업기술
400507,화학,대기폐기물,기상서비스산업기술
400601,화학,수질토양,수질오염 방지기술
400602,화학,수질토양,토양오염 방지기술
400603,화학,수질토양,해양오염 방지기술
400605,화학,수질토양,환경설비 기술
400606,화학,수질토양,환경산업부품·소재기술
400607,화학,수질토양,기타 환경산업기술
400801,화학,섬유재료,천연섬유
400802,화학,섬유재료,합성섬유
400803,화학,섬유재료,바이오·재생 섬유
400804,화학,섬유재료,슈퍼섬유
400805,화학,섬유재료,나노섬유
400806,화학,섬유재료,섬유강화 복합재료
400807,화학,섬유재료,섬유가공제
400808,화학,섬유재료,기타 섬유재료 및 부자재
400901,화학,섬유제조공정,중합·개질기술
400902,화학,섬유제조공정,제사·사가공기술
400903,화학,섬유제조공정,제·편직기술
400904,화학,섬유제조공정,부직포기술
400905,화학,섬유제조공정,디자인·봉제기술
400906,화학,섬유제조공정,염색기술
400907,화학,섬유제조공정,섬유가공기술
400908,화학,섬유제조공정,섬유강화 복합재료 기술
400909,화학,섬유제조공정,기타 섬유공정기술
400910,화학,섬유제조공정,섬유제조설비
401001,화학,섬유제품,의류패션제품
401002,화학,섬유제품,생활용 섬유제품
401003,화학,섬유제품,산업용 섬유제품
401004,화학,섬유제품,나노섬유제품
401005,화학,섬유제품,융합섬유제품
401006,화학,섬유제품,기타 섬유제품
401007,화학,섬유제품,섬유제품 관련 IT·SW　
500101,바이오의료,의약바이오,단백질의약품
500102,바이오의료,의약바이오,항체의약품
500103,바이오의료,의약바이오,백신
500104,바이오의료,의약바이오,균주/효소의약품
500105,바이오의료,의약바이오,바이오인공장기
500106,바이오의료,의약바이오,세포치료제
500107,바이오의료,의약바이오,유전자치료제
500108,바이오의료,의약바이오,원료의약품
500109,바이오의료,의약바이오,천연물의약품
500110,바이오의료,의약바이오,약효 및 안전성 평가기술
500111,바이오의료,의약바이오,시약/진단체
500112,바이오의료,의약바이오,바이오생체재료
500113,바이오의료,의약바이오,cGMP 생산기반기술
500114,바이오의료,의약바이오,기타 의약바이오 제품/기술
500115,바이오의료,의약바이오,조직치료제
500201,바이오의료,산업바이오,바이오화학소재
500202,바이오의료,산업바이오,바이오플라스틱
500203,바이오의료,산업바이오,바이오화학촉매기술
500204,바이오의료,산업바이오,기능성 및 안전성 평가기술
500205,바이오의료,산업바이오,기능성 화장품소재
500206,바이오의료,산업바이오,기능성 식품소재
500207,바이오의료,산업바이오,바이오환경
500208,바이오의료,산업바이오,바이오매스
500210,바이오의료,산업바이오,기타 산업바이오제품/기술
500211,바이오의료,산업바이오,표준화 및 인증기술
500212,바이오의료,산업바이오,바이오화학공정기술
500301,바이오의료,융합바이오,바이오공정기술
500302,바이오의료,융합바이오,바이오진단기기
500305,바이오의료,융합바이오,바이오분석기기
500306,바이오의료,융합바이오,기타 진단기기소재
500307,바이오의료,융합바이오,바이오마커 기반기술
500308,바이오의료,융합바이오,기타 융합바이오 제품/기술
500401,바이오의료,치료기기및진단기기,중재적 치료기기
500402,바이오의료,치료기기및진단기기,방사선치료기
500403,바이오의료,치료기기및진단기기,수술용 치료기기
500404,바이오의료,치료기기및진단기기,수술용 로봇
500405,바이오의료,치료기기및진단기기,한방용 치료기기
500406,바이오의료,치료기기및진단기기,기타 치료기기
500407,바이오의료,치료기기및진단기기,임상화학 및 생물 분석기기
500408,바이오의료,치료기기및진단기기,한방용 진단기기
500409,바이오의료,치료기기및진단기기,생체신호 측정/진단기기
500410,바이오의료,치료기기및진단기기,분자유전진단기기
500411,바이오의료,치료기기및진단기기,초음파진단기기
500412,바이오의료,치료기기및진단기기,X-ray 및 CT
500413,바이오의료,치료기기및진단기기,MRI
500414,바이오의료,치료기기및진단기기,핵의학 및 분자 영상 진단기기
500415,바이오의료,치료기기및진단기기,지능형 판독시스템
500416,바이오의료,치료기기및진단기기,기타 치료 및 진단기기
500501,바이오의료,기능복원보조및복지기기,신체 기능 복원기기
500502,바이오의료,기능복원보조및복지기기,임플란트
500503,바이오의료,기능복원보조및복지기기,전자기계식 인공장기
500504,바이오의료,기능복원보조및복지기기,생체재료
500505,바이오의료,기능복원보조및복지기기,의료용 소재
500506,바이오의료,기능복원보조및복지기기,재활훈련기기
500507,바이오의료,기능복원보조및복지기기,이동지원기기
500508,바이오의료,기능복원보조및복지기기,생활지원기기 및 시스템
500509,바이오의료,기능복원보조및복지기기,인지/감각기능 지원기기
500510,바이오의료,기능복원보조및복지기기,기타 기능복원/보조 및 복지기기
500601,바이오의료,의료정보및시스템,한의정보 표준시스템
500602,바이오의료,의료정보및시스템,원격 및 재택 의료기기
500603,바이오의료,의료정보및시스템,의료정보표준화
500604,바이오의료,의료정보및시스템,U-HER(electronic health record)
500605,바이오의료,의료정보및시스템,병원의료정보 시스템 및 설비
500606,바이오의료,의료정보및시스템,기타 의료 정보 및 시스템
500701,바이오의료,그린바이오,식물공장 활용기술
500702,바이오의료,그린바이오,형질전환생물체
500703,바이오의료,그린바이오,친환경작물보호제
500704,바이오의료,그린바이오,미생물작물보호제
500705,바이오의료,그린바이오,기타 그린바이오 제품/기술
600201,에너지자원,온실가스관리,CO2포집기술
600202,에너지자원,온실가스관리,CO2활용기술
600203,에너지자원,온실가스관리,CO2저장기술
600204,에너지자원,온실가스관리,non-CO2관리기술
600205,에너지자원,온실가스관리,달리 분류되지 않은 온실가스 관리기술
600301,에너지자원,자원,석유자원-유가스탐사
600302,에너지자원,자원,석유자원-유가스개발생산
600303,에너지자원,자원,석유자원-유가스전운영
600304,에너지자원,자원,석유자원-유가스기타서비스
600305,에너지자원,자원,광물자원-광물탐사개발
600306,에너지자원,자원,광물자원-광물생산
600307,에너지자원,자원,광물자원-광물고부가가치화
600308,에너지자원,자원,광물자원-광물기타서비스
600309,에너지자원,자원,자원순환-자원 대체·저감
600310,에너지자원,자원,자원순환-금속·자원회수
600311,에너지자원,자원,자원순환-재제조
600312,에너지자원,자원,자원순환-기타
600313,에너지자원,자원,광해관리
600401,에너지자원,화력발전,고온고압화 발전기술
600402,에너지자원,화력발전,석탄 청정화 발전기술
600403,에너지자원,화력발전,발전 환경 청정화 기술
600404,에너지자원,화력발전,발전 부품소재 기술
600405,에너지자원,화력발전,발전 계측제어 기술
600406,에너지자원,화력발전,가스터빈발전 기술
600407,에너지자원,화력발전,발전운영 기술
600501,에너지자원,스마트그리드,지능형 전력망-발전
600502,에너지자원,스마트그리드,지능형 전력망-송전
600503,에너지자원,스마트그리드,지능형 전력망-배전
600504,에너지자원,스마트그리드,지능형 서비스-시장
600505,에너지자원,스마트그리드,지능형 서비스-운영
600506,에너지자원,스마트그리드,지능형 서비스-사업자
600507,에너지자원,스마트그리드,지능형 프로슈머-분산자원
600508,에너지자원,스마트그리드,지능형 프로슈머-소비자
600509,에너지자원,스마트그리드,지능형 프로슈머-운송
600510,에너지자원,스마트그리드,공통 기반
600511,에너지자원,스마트그리드,달리 분류되지 않는 스마트그리드 기술
600701,에너지자원,원자력,설계 기술
600702,에너지자원,원자력,설비 제작 기술
600703,에너지자원,원자력,플랜트 건설 기술
600704,에너지자원,원자력,운영 평가 기술
600705,에너지자원,원자력,해체 기술
600706,에너지자원,원자력,중저준위방폐물관리기술
600707,에너지자원,원자력,고준위방폐물관리기술
600708,에너지자원,원자력,방사선관리 기술
600709,에너지자원,원자력,달리 분류되지 않는 원자력 기술
600801,에너지자원,신재생에너지,태양열-집열기
600802,에너지자원,신재생에너지,태양열-축열기
600803,에너지자원,신재생에너지,태양열-열응용기술
600804,에너지자원,신재생에너지,태양광-결정질실리콘
600805,에너지자원,신재생에너지,태양광-실리콘박막
600806,에너지자원,신재생에너지,태양광-염료감응
600807,에너지자원,신재생에너지,태양광-유기
600808,에너지자원,신재생에너지,태양광-차세대태양전지
600809,에너지자원,신재생에너지,태양광-화합물
600810,에너지자원,신재생에너지,태양광-기타
600811,에너지자원,신재생에너지,바이오-바이오가스
600812,에너지자원,신재생에너지,바이오-바이오디젤
600813,에너지자원,신재생에너지,바이오-알콜계연료
600814,에너지자원,신재생에너지,바이오-비알콜계연료
600815,에너지자원,신재생에너지,바이오-고형연료
600816,에너지자원,신재생에너지,바이오-기타
600817,에너지자원,신재생에너지,폐기물-고형연료
600818,에너지자원,신재생에너지,폐기물-열분해
600819,에너지자원,신재생에너지,폐기물-가스화
600820,에너지자원,신재생에너지,폐기물-소각
600821,에너지자원,신재생에너지,폐기물-바이오가스
600822,에너지자원,신재생에너지,폐기물-기타
600823,에너지자원,신재생에너지,수력-반동식 수차
600824,에너지자원,신재생에너지,수력-충격식 수차
600825,에너지자원,신재생에너지,수력-기타
600826,에너지자원,신재생에너지,풍력-소형 발전
600827,에너지자원,신재생에너지,풍력-대형 발전
600828,에너지자원,신재생에너지,풍력-단지제어/기타
600829,에너지자원,신재생에너지,해양-조력
600830,에너지자원,신재생에너지,해양-조류
600831,에너지자원,신재생에너지,해양-파력
600832,에너지자원,신재생에너지,해양-기타
600833,에너지자원,신재생에너지,지열-지중 열자원 개발
600834,에너지자원,신재생에너지,지열-열공급(히트펌프 등)
600835,에너지자원,신재생에너지,지열-지중 열교환시스템
600836,에너지자원,신재생에너지,지열-지열발전 플랜트
600837,에너지자원,신재생에너지,수소-제조
600838,에너지자원,신재생에너지,수소-저장
600839,에너지자원,신재생에너지,수소-인프라구축
600840,에너지자원,신재생에너지,연료전지-PEMFC
600841,에너지자원,신재생에너지,연료전지-MCFC
600842,에너지자원,신재생에너지,연료전지-SOFC
600843,에너지자원,신재생에너지,연료전지-DMFC
600844,에너지자원,신재생에너지,연료전지-기타
600845,에너지자원,신재생에너지,청정연료-석탄이용기술
600846,에너지자원,신재생에너지,청정연료-천연가스이용기술
600847,에너지자원,신재생에너지,수열-열공급
600848,에너지자원,신재생에너지,수열-수열플랜트 및 기타
600901,에너지자원,에너지효율향상,열-히트펌프 관련기술
600902,에너지자원,에너지효율향상,열-열생산 설비 기술
600903,에너지자원,에너지효율향상,열-열사용 설비기술
600904,에너지자원,에너지효율향상,열-열병합 관련기술
600905,에너지자원,에너지효율향상,열-열사용 공정기술
600906,에너지자원,에너지효율향상,열-기타
600907,에너지자원,에너지효율향상,수송시스템-고효율 저공해 자동차 관련기술
600908,에너지자원,에너지효율향상,수송시스템-전기자동차(xEV) 관련기술
600909,에너지자원,에너지효율향상,수송시스템-수송인프라 관련기술
600910,에너지자원,에너지효율향상,건물-부하저감형 건축기술
600911,에너지자원,에너지효율향상,건물-건물용 고효율 설비 관련기술
600912,에너지자원,에너지효율향상,건물-EMS 관련기술
600913,에너지자원,에너지효율향상,에너지 네가와트 시스템
600914,에너지자원,에너지효율향상,전기-다소비기기
600915,에너지자원,에너지효율향상,전기-전력변환 기술
600916,에너지자원,에너지효율향상,전기-대기전력 기술
600917,에너지자원,에너지효율향상,전기-고효율전열 기술
600918,에너지자원,에너지효율향상,전기-미래형 전기 기술
600919,에너지자원,에너지효율향상,ESS-리튬전지
600920,에너지자원,에너지효율향상,ESS-레독스흐름전지
600921,에너지자원,에너지효율향상,ESS-나트륨계전지
600922,에너지자원,에너지효율향상,ESS-수퍼커패시터
600923,에너지자원,에너지효율향상,ESS-차세대전지
600924,에너지자원,에너지효율향상,ESS-기계식 에너지 저장
600925,에너지자원,에너지효율향상,ESS-열저장
600926,에너지자원,에너지효율향상,ESS-융복합전지기술
600927,에너지자원,에너지효율향상,가스안전-가스사고예방기술
600928,에너지자원,에너지효율향상,가스안전-가스사고피해저감기술
600929,에너지자원,에너지효율향상,가스안전-가스안전관리시스템기술
600930,에너지자원,에너지효율향상,가스안전-미래·융합가스안전기술
700101,지식서비스,경영마케팅전략서비스,비즈니스모델링/프로세스관리/시뮬레이션
700102,지식서비스,경영마케팅전략서비스,서비스표준화/품질관리서비스
700103,지식서비스,경영마케팅전략서비스,서비스네트워크/협업지원서비스
700104,지식서비스,경영마케팅전략서비스,기술사업화/가치평가서비스
700105,지식서비스,경영마케팅전략서비스,지식창출/지식재산권분석/관리기술
700106,지식서비스,경영마케팅전략서비스,인사관리/법무/회계서비스
700107,지식서비스,경영마케팅전략서비스,시장조사/마케팅관리서비스
700108,지식서비스,경영마케팅전략서비스,소비자행동모델링/테스트서비스
700109,지식서비스,경영마케팅전략서비스,지능형 고객관리서비스
700110,지식서비스,경영마케팅전략서비스,기타경영ㆍ마케팅전략서비스기술
700201,지식서비스,금융무역서비스,전자금융서비스
700202,지식서비스,금융무역서비스,투자분석/위험관리기법
700203,지식서비스,금융무역서비스,전자무역서비스
700204,지식서비스,금융무역서비스,기타금융ㆍ무역서비스
700301,지식서비스,인적자원역량개발서비스,지능형 학습지원/관리기술
700302,지식서비스,인적자원역량개발서비스,감성시스템 및 처리기술
700303,지식서비스,인적자원역량개발서비스,인간-시스템상호작용기술
700304,지식서비스,인적자원역량개발서비스,뇌 인지기반 인간수행능력향상 기술
700305,지식서비스,인적자원역량개발서비스,기타인적자원역량개발서비스
700401,지식서비스,디자인콘텐츠서비스,제품/산업공예/포장디자인
700402,지식서비스,디자인콘텐츠서비스,디지털그래픽디자인
700403,지식서비스,디자인콘텐츠서비스,패션·텍스타일디자인
700404,지식서비스,디자인콘텐츠서비스,공간/환경디자인
700405,지식서비스,디자인콘텐츠서비스,서비스디자인
700406,지식서비스,디자인콘텐츠서비스,감성/UI/UX디자인
700407,지식서비스,디자인콘텐츠서비스,방송/광고/영화미디어 관련기술
700408,지식서비스,디자인콘텐츠서비스,기타디자인/콘텐츠서비스
700501,지식서비스,제조엔지니어링서비스,설계 서비스
700502,지식서비스,제조엔지니어링서비스,생산관리/계량분석 서비스
700503,지식서비스,제조엔지니어링서비스,생산공정모델링/시뮬레이션서비스
700504,지식서비스,제조엔지니어링서비스,제품품질관리서비스
700505,지식서비스,제조엔지니어링서비스,시험/검사/분석/품질관리서비스
700506,지식서비스,제조엔지니어링서비스,첨단/친환경소재응용포장(패키징)기술
700507,지식서비스,제조엔지니어링서비스,사업설비-시설물 조사/설계/예측/평가/관리서비스
700508,지식서비스,제조엔지니어링서비스,제조플랫폼 서비스
700509,지식서비스,제조엔지니어링서비스,기타제조지원서비스
700601,지식서비스,제조부가서비스,제품 운영관리/모니터링서비스
700602,지식서비스,제조부가서비스,제품 유지/보수/운영관리서비스
700603,지식서비스,제조부가서비스,제품 임대/대여/렌탈서비스
700604,지식서비스,제조부가서비스,제품 구독서비스
700605,지식서비스,제조부가서비스,기업물류지원서비스
700606,지식서비스,제조부가서비스,유통물류서비스
700607,지식서비스,제조부가서비스,기타제조부가서비스
700701,지식서비스,제조융합서비스,수송융합신서비스
700702,지식서비스,제조융합서비스,에너지 융합신서비스
700703,지식서비스,제조융합서비스,보건의료융합신서비스
700704,지식서비스,제조융합서비스,생활융합신서비스
700705,지식서비스,제조융합서비스,교육융합신서비스
700706,지식서비스,제조융합서비스,컨텐츠융합신서비스
700707,지식서비스,제조융합서비스,안전융합신서비스
700708,지식서비스,제조융합서비스,기타제조융합서비스
800101,세라믹,광전자소재,유전체소재
800102,세라믹,광전자소재,압전체소재
800103,세라믹,광전자소재,반도성세라믹
800104,세라믹,광전자소재,자성소재
800105,세라믹,광전자소재,광/단결정소재
800106,세라믹,광전자소재,초전도소재
800107,세라믹,광전자소재,절연소재
800108,세라믹,광전자소재,센서소재
800109,세라믹,광전자소재,기타 광전자소재
800201,세라믹,에너지환경소재,에너지저장소재
800202,세라믹,에너지환경소재,에너지변환소재
800203,세라믹,에너지환경소재,분리기능소재
800204,세라믹,에너지환경소재,유해성분 제거 기능소재
800205,세라믹,에너지환경소재,재활용기능성소재
800206,세라믹,에너지환경소재,기타 에너지·환경소재
800301,세라믹,기계구조소재,내열소재
800302,세라믹,기계구조소재,구조소재
800303,세라믹,기계구조소재,극한환경소재
800304,세라믹,기계구조소재,기계가공성소재
800305,세라믹,기계구조소재,기타 기계·구조소재
800401,세라믹,바이오소재,조직재생 소재
800402,세라믹,바이오소재,체외진단 소재
800403,세라믹,바이오소재,바이오매스분리공정소재
800404,세라믹,바이오소재,기능성화장품소재기술
800405,세라믹,바이오소재,기타 바이오소재
800501,세라믹,나노융복합소재,저차원나노소재
800502,세라믹,나노융복합소재,나노하이브리드소재
800503,세라믹,나노융복합소재,나노잉크소재
800504,세라믹,나노융복합소재,탄소복합재료
800505,세라믹,나노융복합소재,세라믹섬유
800506,세라믹,나노융복합소재,기타나노·융복합소재
800601,세라믹,생활세라믹,도자기·타일·벽돌
800602,세라믹,생활세라믹,내화물·단열재·법랑
800603,세라믹,생활세라믹,시멘트·콘크리트
800604,세라믹,생활세라믹,유리·유리가공
800605,세라믹,생활세라믹,연마·연삭제
800606,세라믹,생활세라믹,기타 생활세라믹
800701,세라믹,세라믹공정기술,분체 및 원료합성기술
800702,세라믹,세라믹공정기술,성형·가공기술
800703,세라믹,세라믹공정기술,소성기술
800704,세라믹,세라믹공정기술,부품 및 패키징 기술
800705,세라믹,세라믹공정기술,박막 및 코팅기술
800706,세라믹,세라믹공정기술,평가기술
800707,세라믹,세라믹공정기술,기타 세라믹공정기술
